city,lat,lng
"אבו בלאל",32.232603,34.952793
"אבו גוש",31.806291,35.109195
"אבו סנאן",32.958029,35.17197
"אבו סריחאן",31.254332,34.881409
"אבו עבדון",31.302815,34.842593
"אבו עמאר",31.138355,34.954034
"אבו עמרה",31.282186,34.87274
"אבו קורינאת (שבט)",31.103114,34.952004
"אבו קורינאת",31.103114,34.952004
"אבו רוקייק",31.259539,34.863898
"אבטין",32.759962,35.114603
"אבטליון",32.83578,35.350443
"אביאל",32.531345,34.993494
"אביבים",33.08938,35.47034
"אביגדור",31.7119,34.740371
"אביחיל",32.350707,34.871231
"אביטל",31.88962,35.022604
"אביעזר",31.681995,35.018823
"אבירים",33.038085,35.286046
"אבן יהודה",32.276647,34.885089
"אבן יצחק (גלעד)",32.558074,35.076561
"אבן יצחק",32.558074,35.076561
"אבן מנחם",33.075142,35.29522
"אבן ספיר",31.762499,35.134993
"אבן שמואל",31.809997,35.195002
"אבני איתן",32.825618,35.766802
"אבני חפץ",32.284627,35.074553
"אבנת",31.679038,35.436946
"אבשלום",31.195395,34.331201
"אדורה",31.552218,35.017635
"אדירים",31.652752,35.23263
"אדמית",33.078842,35.209512
"אדרת",31.659714,34.994441
"אודים",32.266864,34.846996
"אודם",31.737287,35.18109
"אוהד",31.877566,35.126954
"אום אל-גנם",32.676641,35.391945
"אום אל-פחם",32.517126,35.148531
"אום אל-קוטוף",32.468083,35.059151
"אום בטין",31.281259,34.884031
"אומן",48.752611,30.217967
"אומץ",32.369215,34.99313
"אופקים",31.311336,34.622825
"אור הגנוז",33.005182,35.446738
"אור הנר",31.556196,34.602307
"אור יהודה",32.029747,34.856174
"אור עקיבא",32.509964,34.920395
"אורה",31.752108,35.150166
"אורות",31.740363,34.735601
"אורטל",33.086235,35.758662
"אורים",31.304093,34.524869
"אורנים",32.711323,35.109876
"אורנית",32.131923,34.990812
"אושה",32.796457,35.114585
"אזור",32.029557,34.79965
"אחווה",31.753934,35.309725
"אחוזם",31.552681,34.770152
"אחוזת ברק",32.6431,35.338895
"אחיהוד",32.907404,35.171717
"אחיטוב",32.3877,34.990828
"אחיסמך",31.931905,34.908577
"אחיעזר",31.98167,34.871822
"אטרש (שבט)",31.28122,34.912372
"אטרש",31.28122,34.912372
"איבים",31.5335972,34.6096972
"אייל",32.21071,34.978261
"איילת השחר",33.021114,35.576734
"אילון",33.062525,35.219164
"אילות",32.104201,35.183045
"אילניה",32.753907,35.40819
"אילת",29.557668,34.951926
"איתמר",32.173868,35.30803
"איתן",31.854322,35.214125
"איתנים",31.7788889,35.0952778
"אכסאל",32.682084,35.320745
"אל עריאן",32.498075,35.125095
"אל-עזי",31.718867,34.814255
"אל-עריאן",32.498075,35.125095
"אל-רום",33.180518,35.770097
"אלומה",31.65204,34.742874
"אלומות",32.706627,35.546089
"אלון הגליל",32.756873,35.220295
"אלון מורה",32.234417,35.331203
"אלון שבות",31.65487,35.125257
"אלוני אבא",32.730944,35.17203
"אלוני הבשן",33.044086,35.838509
"אלוני יצחק",32.5099972,35.0052
"אלונים",32.721458,35.143401
"אלי סיני",31.849761,35.038653
"אלי על",31.984791,34.759625
"אלי-עד",32.806582,35.736576
"אליכין",32.407658,34.925029
"אליפז",29.796247,35.012095
"אליפלט",32.947833,35.548518
"אליקים",32.633344,35.067615
"אלישיב",32.380195,34.909946
"אלישמע",32.154777,34.930463
"אלמגור",32.912708,35.602312
"אלמוג",31.728415,35.190167
"אלעד",32.049529,34.950751
"אלעזר",31.659674,35.143075
"אלפי מנשה",32.17063,35.014859
"אלקוש",33.034293,35.326349
"אלקנה",32.057858,35.257676
"אמונים",31.743884,34.674493
"אמירים",32.93735,35.450366
"אמנון",32.904988,35.571138
"אמציה",31.531175,34.914465
"אניעם",32.956637,35.73972
"אסד (שבט)",32.914667,35.274174
"אסד",31.332163,34.860439
"אספר",31.586151,35.187596
"אעבלין",32.821799,35.190122
"אעצם",31.295815,34.903104
"אפיניש",31.316182,34.996387
"אפיק",32.779427,35.702996
"אפיקים",32.680563,35.577732
"אפעל-בית אבות",32.051502,34.834244
"אפעל-מרכז סמינר",32.0485473,34.8363304
"אפעל-מרכז סמינריוני",32.048748,34.836652
"אפק",32.838315,35.127781
"אפרתה",31.653588,35.149936
"ארבל",32.171995,35.010681
"ארגמן",32.173339,35.522287
"ארז",31.559838,34.56489
"אריאל",32.104636,35.174515
"ארסוף",32.212839,34.815979
"אשבול",31.83197,35.29536
"אשבל",32.876983,35.306012
"אשדוד",31.80438,34.655316
"אשדות יעקב (מאוחד)",32.664807,35.58277
"אשדות יעקב  (איחוד)",32.658769,35.579639
"אשדות יעקב  (מאוחד)",32.664807,35.58277
"אשדות יעקב איחוד",32.658769,35.579639
"אשדות יעקב מאוחד",32.664807,35.58277
"אשדות יעקב)איחוד(",32.658769,35.579639
"אשדות יעקב)מאוחד(",32.664807,35.58277
"אשדות יעקב",32.658769,35.579639
"אשחר",32.885083,35.299623
"אשכולות",31.39117,34.904857
"אשל הנשיא",31.3268278,34.6974972
"אשלים",30.964244,34.699675
"אשקלון",31.665944,34.559466
"אשרת",32.971645,35.155702
"אשתאול",31.780384,35.010104
"אתגר",32.85935,35.256074
"באקה אל-גרביה",32.42289,35.035766
"באקה-גת",32.400766,35.037093
"באר אורה",29.710255,34.988523
"באר טוביה",31.737125,34.725572
"באר יעקב",31.943506,34.839041
"באר שבע",31.252972,34.791464
"בארות יצחק",32.042024,34.910223
"בארותיים",32.321038,34.983431
"בארי",41.1259135,16.8721133
"בדולח",31.850006,35.037216
"בוסתן הגליל",32.948635,35.080689
"בוקעאתא",33.203064,35.779199
"בורגתה",32.325971,34.96385
"בחן",32.35183,35.018543
"בטחה",31.333868,34.63432
"ביצרון",31.795405,34.729111
"ביר אל-מכסור",32.77729,35.220573
"ביריה",32.978107,35.503097
"בית אורן",32.7316,35.006321
"בית אל ב",31.942079,35.223682
"בית אלעזרי",31.844716,34.806628
"בית אלפא",32.516356,35.430501
"בית אריה",32.040058,35.049473
"בית ברל",32.201904,34.926953
"בית גוברין",31.612878,34.89557
"בית גמליאל",31.856127,34.760949
"בית גן",32.711009,35.496507
"בית דגן",32.000085,34.832164
"בית הגדי",31.422838,34.60788
"בית הלוי",32.351595,34.930445
"בית הלל",33.208781,35.606517
"בית העמק",32.970682,35.144847
"בית הערבה",31.807761,35.476413
"בית השיטה",32.550873,35.439353
"בית זיד",32.702413,35.13111
"בית זייד",32.702413,35.13111
"בית זית",31.783057,35.161118
"בית זרע",32.689295,35.574063
"בית חורון",31.879889,35.124099
"בית חירות",32.314725,34.897156
"בית חלקיה",31.793,34.8097
"בית חנן",31.93521,34.775597
"בית חנניה",32.529503,34.926736
"בית חרות",32.376222,34.873767
"בית חשמונאי",31.890297,34.9176
"בית יהושע",32.262074,34.86542
"בית יוסף",31.928379,35.021339
"בית ינאי",32.381728,34.863509
"בית יצחק-שער חפר",32.335579,34.889501
"בית לחם הגלילית",32.734557,35.191272
"בית מאיר",31.794785,35.036755
"בית נחמיה",31.977141,34.953837
"בית ניר",31.647626,34.873109
"בית נקופה",31.804391,35.126878
"בית עובד",31.921286,34.774906
"בית עוזיאל",31.870049,34.90486
"בית עזרא",31.736401,34.657515
"בית עריף",31.995351,34.935105
"בית צבי",32.719322,34.969509
"בית קמה",31.446565,34.762249
"בית קשת",32.718445,35.394954
"בית רבן",31.8175,34.7288889
"בית רימון",32.781844,35.32774
"בית שאן",32.497102,35.497337
"בית שמש",31.74704,34.9881
"בית שערים",32.703756,35.129934
"בית שקמה",31.637734,34.610075
"ביתן אהרן",32.364927,34.869561
"ביתר עילית",31.693492,35.118037
"בלפוריה",32.629987,35.296282
"בן זכאי",31.857222,34.727434
"בן עמי",33.005368,35.122219
"בן שמן (כפר הנוער)",31.9536,34.920981
"בן שמן (כפר נוער)",31.959664,34.929058
"בן שמן (מושב)",31.9536,34.920981
"בן שמן )כפר נוער(",31.959664,34.929058
"בן שמן )מושב(",31.9536,34.920981
"בן שמן )שיכון(",31.958895,34.934105
"בן שמן-כפר הנוער",31.9536,34.920981
"בן שמן-מושב",31.9536,34.920981
"בן שמן-שיכון",31.958895,34.934105
"בני ברק",32.084931,34.835228
"בני דרום",31.820869,34.691611
"בני דרור",32.261794,34.901793
"בני יהודה",32.798261,35.691072
"בני עטרות",32.021469,34.910147
"בני עי\"ש",31.790234,34.759293
"בני עצמון",31.324025,34.940026
"בני ציון",32.219838,34.86838
"בני ראם",31.769971,34.790464
"בניה",31.843443,34.751794
"בנימינה",32.525144,34.937527
"בנימינה-גבעת עדה",32.525144,34.937527
"בסמ\"ה",32.5294,35.103201
"בסמת טבעון",32.736286,35.153202
"בענה",32.929537,35.271919
"בצרה",32.21454,34.878124
"בצת",33.070046,35.132637
"בקוע",31.827898,34.924734
"בקעות",32.242069,35.452637
"בר גיורא",31.729682,35.073415
"בר יוחאי",32.997703,35.448192
"ברור חיל",31.556984,34.646548
"ברוש",31.920403,35.014586
"ברטעה",32.475483,35.091974
"ברכה",32.224986,35.163675
"ברכיה",31.668046,34.624297
"ברעם",33.058978,35.433236
"ברק",32.106471,35.187525
"ברקאי",32.476095,35.031045
"ברקן",32.10855,35.112725
"ברקת",31.80852,35.163888
"בת הדר",31.648124,34.597147
"בת חפר",32.333713,35.01373
"בת חצור",32.01155,34.757287
"בת ים",32.013185,34.748021
"בת עין",31.657652,35.101103
"בת שלמה",32.600334,35.003839
"גאולי תימן (שכון",32.391836,34.90099
"גאולי תימן שכון",32.391836,34.90099
"גאולי תימן",32.391836,34.90099
"גאולים",32.296486,34.943864
"גאליה",31.885643,34.765352
"גבולות",31.211166,34.466201
"גבים",31.506272,34.59895
"גבע בנימין",31.849998,35.273854
"גבע כרמל",32.662162,34.954079
"גבע",32.566529,35.372161
"גבעולים",31.397603,34.593823
"גבעון החדשה",31.848895,35.159031
"גבעות בר",31.357208,34.755543
"גבעת אבני",32.775381,35.436156
"גבעת אלה",32.722006,35.244824
"גבעת ברנר",31.866609,34.802256
"גבעת השלושה",32.096339,34.92063
"גבעת זאב",31.861188,35.167253
"גבעת ח\"ן",32.167578,34.875515
"גבעת חיים (איחוד)",32.396744,34.93298
"גבעת חיים (מאוחד)",32.392147,34.929449
"גבעת חיים )איחוד(",32.396744,34.93298
"גבעת חיים )מאוחד(",32.392147,34.929449
"גבעת חיים איחוד",32.396744,34.93298
"גבעת חיים מאוחד",32.392147,34.929449
"גבעת יואב",32.801216,35.680913
"גבעת יערים",31.786087,35.092771
"גבעת ישעיהו",31.671679,34.94374
"גבעת כ\"ח",32.03209,34.938798
"גבעת ניל\"י",32.549042,35.041195
"גבעת עדה",32.517077,34.955097
"גבעת עוז",32.555933,35.198005
"גבעת שמואל",32.077298,34.849208
"גבעת שמש",31.7741667,34.9505556
"גבעת שפירא",32.357628,34.875846
"גבעתי",31.733137,34.67948
"גבעתיים",32.072175,34.808873
"גבעתים",32.072175,34.808873
"גברעם",31.59146,34.612158
"גבת",32.676559,35.213153
"גדות",33.018207,35.619549
"גדיד",31.848254,35.037514
"גדיש",32.558843,35.244432
"גדעונה",32.549926,35.359204
"גדרה",31.81753,34.785103
"גונן",33.123563,35.647702
"גורן",33.055565,35.23362
"גורנות הגליל",33.059286,35.249671
"גזית",32.639306,35.446241
"גזר",31.876348,34.921111
"גיאה",31.628466,34.602679
"גיבתון",31.888317,34.799062
"גיזו",31.805583,34.939654
"גילון",32.904337,35.232193
"גילת",31.32632,34.648935
"גינוסר",32.848665,35.523154
"גיניגר",32.663418,35.259862
"גינתון",31.962799,34.913063
"גיתה",32.967232,35.249127
"גיתית",32.100272,35.395444
"גלאון",31.63337,34.8489
"גלגל",32.000015,35.444644
"גליל ים",32.158796,34.831878
"גלעד (אבן -יצחק)",32.558074,35.076561
"גלעד (אבן יצחק)",32.558074,35.076561
"גמזו",31.927216,34.941129
"גן אור",31.849922,35.032683
"גן הדרום",31.804055,34.699871
"גן השומרון",32.465006,34.999049
"גן חיים",32.19576,34.906959
"גן יאשיה",32.349486,34.996247
"גן יבנה",31.783055,34.703103
"גן נר",32.528705,35.336255
"גן שורק",31.94401,34.758323
"גן שלמה",31.878776,34.798903
"גן שמואל",32.45291,34.949313
"גנות הדר",32.321739,34.900716
"גנות",32.018203,34.825879
"גני הדר",31.878923,34.854029
"גני טל",31.850733,35.035545
"גני יהודה",32.039147,34.877921
"גני יוחנן",31.859923,34.840829
"גני עם",32.149837,34.90336
"גני תקווה",32.060496,34.873123
"גנים",32.102299,35.173361
"גסר א-זרקא",32.536261,34.911571
"געש",32.228476,34.824413
"געתון",33.006074,35.213833
"גפן",32.199587,35.007825
"גרופית",29.941615,35.064692
"גשור",32.81994,35.71571
"גשר הזיו",33.040531,35.110565
"גשר",32.621204,35.550378
"גת (קיבוץ)",31.627795,34.794114
"גת )קיבוץ(",31.627795,34.794114
"גת רימון",32.068104,34.881364
"גת",31.627795,34.794114
"דאלית אל-כרמל",32.693795,35.055448
"דבורה",32.552894,35.263855
"דבוריה",32.694119,35.368515
"דבירה",31.411697,34.825178
"דברת",32.646728,35.350087
"דגניה א",32.706937,35.575064
"דגניה ב",32.699069,35.577552
"דוב\"ב",33.050799,35.407749
"דוגית",31.848901,35.035912
"דוחן",32.043956,34.79242
"דולב",31.926248,35.133592
"דור",32.607801,34.923317
"דורות",31.507206,34.645727
"דחי",32.62249,35.343605
"דייר אל-אסד",32.934449,35.268396
"דייר חנא",32.862315,35.365254
"דייר ראפאת",31.776529,34.947441
"דימונה",31.069418,35.033364
"דיר אל-אסד",32.934449,35.268396
"דיר חנא",32.862315,35.365254
"דישון",33.082317,35.517573
"דליה",32.589249,35.076967
"דלתון",33.016552,35.489912
"דמיידה",32.817187,35.228533
"דן",32.164638,35.069206
"דפנה",32.12204,35.03167
"דקל",31.195907,34.346772
"האון",32.726747,35.622667
"הבונים",32.636585,34.932706
"הגושרים",33.221484,35.62303
"הדר עם",32.349652,34.898946
"הוד השרון",32.155693,34.893597
"הודיה",31.676355,34.639277
"הודיות",32.7886111,35.435
"הוואשלה",31.092225,34.97907
"הוזייל",31.414486,34.761873
"הושעיה",32.757926,35.295226
"הזורע",32.644515,35.119181
"הזורעים",32.748139,35.499924
"החותרים",32.75231,34.957547
"היוגב",32.612752,35.207485
"הילה",33.036174,35.244584
"המעפיל",32.378034,34.983147
"הסוללים",32.751801,35.238024
"העוגן",32.360436,34.92334
"הר אדר",31.8245,35.129662
"הר גילה",31.722057,35.171493
"הר עמשא",31.342716,35.101601
"הראל",31.826026,35.130184
"הרדוף",32.104475,35.104166
"הרצליה",32.162412,34.844677
"הררית",32.845695,35.369258
"ורד יריחו",31.826191,35.43214
"ורדון",31.663822,34.781767
"זבארגה",31.236448,35.034191
"זבדיאל",31.657558,34.759338
"זובידאת",32.174306,35.529959
"זוהר",31.595591,34.692364
"זיקים",31.607202,34.52097
"זיתן",31.975177,34.891733
"זכרון יעקב",32.573904,34.951979
"זכריה",31.708811,34.944709
"זלפה",32.548937,35.187057
"זמר",32.365683,35.034652
"זמרת",31.447852,34.552289
"זנוח",31.733811,34.99937
"זרועה",31.459132,34.624162
"זרזיר",32.72329,35.220438
"זרחיה",31.681741,34.746421
"חבצלת השרון",32.360399,34.86182
"חבר",31.861803,35.177705
"חברון",41.3186482,-87.2003091
"חגור",32.13859,34.947615
"חגי",31.492529,35.079538
"חגלה",32.389069,34.924253
"חד-נס",32.927513,35.641409
"חדיד",31.969428,34.932158
"חדרה",32.442784,34.92088
"חולדה",31.832149,34.881525
"חולון",32.015832,34.787386
"חולית",31.794446,35.337717
"חולתה",33.05285,35.609246
"חומש",31.850146,35.034921
"חוסן",32.997698,35.298725
"חוסנייה",32.900572,35.322509
"חופית",32.386081,34.874079
"חוקוק",32.87863,35.496656
"חורה",31.300398,34.93569
"חורפיש",33.016687,35.347108
"חורשים",32.137874,34.971022
"חזון",32.906579,35.395293
"חיבת ציון",32.397994,34.911932
"חיננית",32.48089,35.173183
"חיפה",32.83036,34.974339
"חירות",32.314725,34.897156
"חלוץ",32.95127,35.311105
"חלמיש",31.94652,35.221371
"חלף",36.1666667,1.3333333
"חלץ",31.577939,34.658393
"חמאם",32.828398,35.491722
"חמד",32.017991,34.841266
"חמדיה",32.519772,35.52057
"חמדת",32.252027,35.526845
"חמרה",32.199687,35.437351
"חניאל",32.332802,34.947695
"חניתה",33.087633,35.173431
"חנתון",32.78305,35.245065
"חספין",32.845056,35.78875
"חפץ חיים",31.931552,35.044223
"חפצי-בה",32.518728,35.426249
"חצב",31.780094,34.770573
"חצבה",30.767941,35.278499
"חצור הגלילית",32.980381,35.54355
"חצור-אשדוד",31.772743,34.719367
"חצרות חולדה",32.192354,34.936828
"חצרות כ\"ח",32.180823,34.900364
"חצרות כרמל",32.784556,34.966145
"חצרים",31.240602,34.717429
"חרב לאת",32.403525,34.917148
"חרוצים",32.227709,34.864774
"חרות",32.240972,34.914129
"חרמש",32.423725,35.118995
"חרשים",32.957736,35.328218
"חשמונאים",31.93263,35.023271
"טבריה",32.795858,35.530975
"טובא-זנגריה",32.966209,35.59202
"טובה-זנגריה",32.966209,35.59202
"טורעאן",32.775136,35.378345
"טייבה (בעמק)",32.266891,35.009676
"טייבה )בעמק(",32.266891,35.009676
"טייבה במשולש",32.266891,35.009676
"טייבה",32.266891,35.009676
"טייבה-בעמק",32.266891,35.009676
"טירה",31.869947,35.125588
"טירת יהודה",32.014832,34.935879
"טירת כרמל",32.762126,34.972982
"טירת צבי",32.422485,35.528321
"טל שחר",31.804402,34.903273
"טל-אל",32.927305,35.1825
"טללים",30.99151,34.771262
"טלמון",31.939474,35.133132
"טמרה (יזרעאל)",32.634917,35.402701
"טמרה )יזרעאל(",32.634917,35.402701
"טמרה",32.852246,35.201317
"טמרה-יזרעאל",32.634917,35.402701
"טנא",31.376131,34.957384
"טפחות",32.868561,35.422206
"יבול",31.189457,34.318953
"יבנאל",32.708764,35.503779
"יבנה",31.877957,34.73945
"יגור",32.741531,35.076827
"יגל",31.987791,34.880263
"יד בנימין",31.796684,34.820372
"יד השמונה",31.809549,35.089619
"יד חנה",32.32531,35.006693
"יד מרדכי",31.586961,34.557502
"יד נתן",31.652959,34.704875
"יד רמב\"ם",31.89984,34.900088
"ידידה",31.8122806,35.1046389
"ידידיה",32.347362,34.898322
"יהוד",32.029337,34.879581
"יהוד-נווה אפרים",32.029459,34.874134
"יהל",30.084233,35.128395
"יובל",33.246576,35.597065
"יובלים",31.885668,35.031866
"יודפת",32.836595,35.271483
"יונתן",32.939659,35.79547
"יושיביה",31.444698,34.608786
"יזרעאל",32.562588,35.319426
"יחיעם",32.996109,35.221093
"יטבתה",29.89632,35.059229
"ייט\"ב",31.947214,35.422377
"יכיני",31.482204,34.598635
"ינוב",32.30743,34.951386
"ינון",31.74183,34.780949
"יסוד המעלה",33.053579,35.589015
"יסודות",31.815834,34.865637
"יסעור",32.901144,35.166643
"יעד",32.881224,35.240641
"יעל",32.552063,35.30655
"יעף",32.268253,34.967427
"יערה",33.068012,35.186082
"יפיע",32.695001,35.282012
"יפית",32.062686,35.474318
"יפעת",32.675852,35.223984
"יפתח",33.128345,35.552032
"יצהר",31.738445,35.189187
"יציץ",31.863225,34.861905
"יקום",32.249195,34.841904
"יקיר",32.14983,35.114633
"יקנעם (מושבה)",32.660224,35.104608
"יקנעם )מושבה(",32.660224,35.104608
"יקנעם עילית",32.660224,35.104608
"יקנעם-מושבה",32.660224,35.104608
"יראון",33.077238,35.454292
"ירדנה",32.565356,35.565979
"ירוחם",30.987803,34.929743
"ירושלים",31.768318,35.213711
"ירחיב",32.151535,34.967993
"ירכא",32.953491,35.211992
"ירקונה",32.144523,34.897884
"ישע",31.247594,34.403092
"ישעי",31.752968,34.962587
"ישרש",31.915666,34.847338
"יתד",31.207041,34.326127
"יתיר",31.350959,35.016969
"כאבול",32.867506,35.213356
"כאוכב אבו אל-היגא",32.831887,35.248702
"כאוכב אל-היגא",32.831887,35.248702
"כברי",33.020984,35.147008
"כדורי",32.702509,35.407341
"כדים",31.848222,35.033995
"כוכב השחר",31.960263,35.349422
"כוכב יאיר",32.220921,34.992407
"כוכב יעקב",31.880151,35.242774
"כוכב מיכאל",31.631481,34.667796
"כורזים",32.911111,35.550152
"כחל",32.890464,35.511573
"כיסופים",31.374544,34.398993
"כישור",32.94665,35.250215
"כליל",32.983566,35.199674
"כלנית",31.564376,35.031388
"כמאנה",32.90931,35.33693
"כמהין",30.910326,34.430726
"כמון",32.909118,35.360918
"כנות",31.802464,34.75281
"כנף",32.870411,35.697899
"כנרת (מושבה)",32.725227,35.565369
"כנרת (קבוצה)",32.714208,35.562748
"כסיפה",31.249245,35.083682
"כסלון",31.774261,35.048172
"כסרא",32.972319,35.29853
"כסרא-סמיע",32.972319,35.29853
"כעביה-טבאש",32.748854,35.184022
"כפר אביב",31.831038,34.722579
"כפר אדומים",31.827215,35.337191
"כפר אוריה",31.793398,34.944758
"כפר אז\"ר",32.058586,34.842348
"כפר אחים",31.745863,34.755933
"כפר ביאליק",32.821375,35.087751
"כפר ביל\"ו",31.870474,34.826735
"כפר בילו",31.870474,34.826735
"כפר בלום",33.172526,35.607939
"כפר בן נון",31.861678,34.947192
"כפר ברא",32.13091,34.97011
"כפר ברוך",32.646047,35.19308
"כפר גדעון",32.644578,35.289279
"כפר גלים",32.7661111,34.9594444
"כפר גליקסון",32.505823,35.003542
"כפר גלעדי",33.242077,35.574144
"כפר דניאל",31.93352,34.932308
"כפר דרום",31.849825,35.034783
"כפר האורנים",32.211473,34.900069
"כפר החורש",32.701548,35.272957
"כפר המכבי",32.791803,35.114794
"כפר הנגיד",31.887133,34.748726
"כפר הנוער הדתי",32.7428972,35.09615
"כפר הנשיא",32.974659,35.60231
"כפר הס",32.24772,34.935138
"כפר הרא\"ה",32.391036,34.910919
"כפר הרי\"ף",31.747028,34.79093
"כפר ויתקין",32.38054,34.875309
"כפר ורבורג",31.718746,34.728682
"כפר ורדים",32.995087,35.269103
"כפר זיתים",32.811613,35.465166
"כפר חב\"ד",31.990143,34.849104
"כפר חושן",33.0123306,35.4414889
"כפר חיטים",32.799997,35.503281
"כפר חיים",32.353856,34.900711
"כפר חנניה",32.915992,35.423786
"כפר חסידים א",32.748649,35.089977
"כפר חסידים ב",32.748649,35.089977
"כפר חרוב",32.762356,35.664182
"כפר טרומן",31.980491,34.927697
"כפר יאסיף",32.956361,35.165467
"כפר ידידיה",32.344901,34.89904
"כפר יהושע",32.681638,35.151978
"כפר יונה",32.317718,34.933616
"כפר יחזקאל",32.566948,35.36089
"כפר יעבץ",32.273943,34.965464
"כפר כמא",32.721104,35.442836
"כפר כנא",32.744998,35.33976
"כפר מונש",32.345606,34.916427
"כפר מימון",31.4314,34.537182
"כפר מל\"ל",32.167566,34.894746
"כפר מנדא",32.812359,35.258615
"כפר מנחם",31.732076,34.835081
"כפר מסריק",32.891217,35.098416
"כפר מצר",32.64737,35.421552
"כפר מרדכי",31.831503,34.756644
"כפר נטר",32.272007,34.873588
"כפר סאלד",33.196034,35.657995
"כפר סבא",32.178194,34.907612
"כפר סולד",33.201874,35.647935
"כפר סילבר",31.6755556,34.6122222
"כפר סירקין",32.076683,34.922765
"כפר עבודה",32.2557306,34.9396694
"כפר עזה",31.483415,34.532293
"כפר עציון",31.649485,35.115235
"כפר פינס",32.482716,35.002064
"כפר קאסם",32.114092,34.972768
"כפר קיש",32.666086,35.448951
"כפר קרע",32.505517,35.054252
"כפר ראש הנקרה",33.086089,35.113456
"כפר רוזנואלד (זרעית)",33.0995948,35.2902635
"כפר רוזנואלד",33.098984,35.288524
"כפר רופין",32.457548,35.555675
"כפר רות",31.910377,35.035311
"כפר שמאי",32.955697,35.457917
"כפר שמואל",31.888257,34.934821
"כפר שמריהו",32.187122,34.823125
"כפר תבור",32.687345,35.419974
"כפר תפוח",32.117972,35.24983
"כרי דשא",32.928712,35.576719
"כרכום",32.173245,35.016022
"כרם בן זמרה",33.039223,35.46989
"כרם בן שמן",31.958895,34.934105
"כרם יבנה (ישיבה)",31.8191175,34.7213268
"כרם יבנה )ישיבה(",31.8191175,34.7213268
"כרם יבנה",31.817724,34.722301
"כרם מהר\"ל",32.644324,34.991451
"כרם שלום",31.22828,34.28456
"כרמי יוסף",31.848023,34.921349
"כרמי צור",31.609467,35.101274
"כרמיאל",32.91467,35.292418
"כרמיה",31.602694,34.540415
"כרמים",31.333463,34.91788
"כרמל",32.809659,34.974208
"לבון",32.941179,35.286476
"לביא",32.787647,35.440719
"לבנים",32.863789,35.49748
"להב",31.379362,34.871313
"להבות הבשן",33.141386,35.645097
"להבות חביבה",32.395215,35.011791
"להבים",31.373834,34.816953
"לוד",31.951012,34.888076
"לוזית",31.688208,34.888223
"לוחמי הגיטאות",32.96266,35.096742
"לוטם",32.172917,35.018022
"לוטן",29.988262,35.086778
"לי-און",31.678566,34.935091
"לימן",33.058731,35.111817
"לכיש",31.560906,34.844091
"לפיד",31.917521,35.032192
"לפידות",32.9598,35.260958
"לקיה",31.324882,34.866221
"מאור",32.425831,35.00529
"מאיר שפיה",32.592463,34.971101
"מבוא ביתר",31.722591,35.106658
"מבוא דותן",32.420771,35.173871
"מבוא חורון",31.849597,35.034978
"מבוא חמה",32.7367,35.655208
"מבוא מודיעים",31.93385,34.988001
"מבואות ים",32.4016667,34.8666667
"מבועים",31.449449,34.654996
"מבטחים",31.242422,34.407489
"מבקיעים",31.622517,34.577432
"מבשרת ציון",31.804051,35.157893
"מגאר",32.890703,35.404612
"מגד אל-כרום",32.920131,35.256651
"מגדים",32.727733,34.960924
"מגדל העמק",32.6735,35.243446
"מגדל עוז",31.640931,35.143141
"מגדל",32.839493,35.499851
"מגדלים",32.089865,35.342635
"מגידו",32.577898,35.179974
"מגל",32.385555,35.036148
"מגן שאול",32.52147,35.306432
"מגן",31.298107,34.427061
"מגשימים",32.044362,34.899836
"מדרך עוז",32.594647,35.157978
"מדרשת בן גוריון",30.8522972,34.7834
"מדרשת רופין",32.343192,34.911909
"מודיעין עילית",31.932476,35.042266
"מודיעין",31.661039,35.14246
"מודיעין-מכבים-רעות",31.890266,35.010398
"מולדת",32.586195,35.438942
"מוצא עילית",31.793589,35.157002
"מוקייבלה",32.514141,35.294807
"מורג",31.957858,35.263023
"מורן",32.104527,35.105681
"מורשת",32.826131,35.231999
"מושיירפה",32.552778,35.157383
"מזור",32.050697,34.931374
"מזכרת בתיה",31.853165,34.842422
"מזרע",32.649878,35.286405
"מזרעה",32.983651,35.098936
"מחולה",32.365284,35.516022
"מחנה בלדד",30.49155,35.165444
"מחנה הילה",31.792287,35.172736
"מחנה יהודית",31.658015,35.144222
"מחנה יוכבד",31.757323,35.219943
"מחנה יפה",31.785859,35.210384
"מחנה מרים",32.297822,34.858133
"מחנה תל נוף",32.090361,34.774088
"מחניים",32.988844,35.570377
"מחסיה",31.748857,35.007262
"מטולה",33.277231,35.578237
"מטע",31.71652,35.060573
"מי עמי",32.504962,35.146426
"מיטב",32.545508,35.3009
"מייסר",32.445245,35.042132
"מיצר",32.76864,35.736358
"מירב",32.45204,35.42248
"מירון",32.985225,35.441644
"מישר",31.815934,34.752589
"מיתר",31.32701,34.943215
"מכבים-רעות",31.886526,35.017564
"מכורה",32.164158,35.423625
"מכמורת",32.406503,34.871552
"מכמנים",32.905864,35.328992
"מכר",32.935032,35.140089
"מלאה",32.563148,35.237529
"מלילות",31.389896,34.595244
"מלכיה",33.098588,35.509626
"מלכישוע",32.438567,35.412759
"מנוחה",31.656158,34.777274
"מנוף",32.853257,35.237357
"מנורה",31.918166,35.037856
"מנות",33.038708,35.195158
"מנחמיה",32.664332,35.555339
"מנרה",-4.4534624,-171.2463763
"מנשית זבדה",32.706218,35.192417
"מסד",32.844171,35.423168
"מסדה",32.682304,35.597658
"מסילות",32.497361,35.474653
"מסילת ציון",31.801448,35.009464
"מסילת-ציון",31.801448,35.009464
"מסלול",31.323676,34.590762
"מסעדה",33.231049,35.756291
"מסעודין אל-עזאזמה",31.199263,34.81745
"מעברות",32.364196,34.905735
"מעגלים",31.398857,34.59824
"מעגן מיכאל",32.558709,34.917818
"מעגן",32.706343,35.600576
"מעוז חיים",32.494069,35.550769
"מעון",31.414591,35.163895
"מעונה",33.016893,35.263628
"מעיליא",33.027193,35.256306
"מעין ברוך",33.239348,35.60936
"מעין צבי",32.568483,34.940625
"מעלה אדומים",31.777368,35.297957
"מעלה אפרים",32.071303,35.403901
"מעלה גלבוע",32.476064,35.420639
"מעלה גמלא",32.888255,35.685968
"מעלה החמישה",31.819022,35.111238
"מעלה לבונה",32.054435,35.239504
"מעלה מכמש",31.87913,35.305904
"מעלה עירון",32.554127,35.182501
"מעלה עמוס",31.596885,35.229367
"מעלה שומרון",32.165405,35.069745
"מעלות-תרשיחא",33.015025,35.276019
"מענית",32.457991,35.026574
"מעש",32.06351,34.892641
"מפלסים",31.502205,34.561676
"מצדות יהודה",31.365585,35.111341
"מצובה",33.062311,35.155707
"מצליח",31.906363,34.871279
"מצפה אבי\"ב",32.83795,35.201061
"מצפה יריחו",31.815687,35.39541
"מצפה נטופה",32.801747,35.383502
"מצפה רמון",30.610202,34.801899
"מצפה שלם",31.568874,35.400369
"מצפה",31.856771,35.167479
"מצר",32.440185,35.047703
"מקווה ישראל",31.797542,35.224692
"מרגליות",33.216473,35.544355
"מרום גולן",33.132582,35.777072
"מרחב עם",30.888021,34.828177
"מרחביה (מושב)",32.603272,35.314745
"מרחביה (קיבוץ)",32.605822,35.307385
"מרחביה-מושב",32.603272,35.314745
"מרחביה-קיבוץ",32.605822,35.307385
"מרכז אבשלום",32.795492,34.977134
"מרכז שפירא",31.696926,34.70732
"משאבי שדה",31.004041,34.78503
"משגב דב",31.819053,34.739163
"משגב עם",33.247571,35.548501
"משהד",32.738911,35.322495
"משואה",32.071818,35.403783
"משואות יצחק",31.702609,34.68997
"משמר איילון",31.872477,34.943255
"משמר דוד",31.823557,34.900678
"משמר הירדן",33.003483,35.598273
"משמר הנגב",31.364795,34.71797
"משמר העמק",32.610062,35.142674
"משמר השבעה",32.01089,34.822338
"משמר השרון",32.356304,34.904258
"משמרות",32.486512,34.983894
"משמרת",32.227585,34.922056
"משען",31.656884,34.621608
"מתן",32.159376,34.973192
"מתת",33.041683,35.356697
"מתתיהו",31.659024,35.143501
"נאות גולן",32.787025,35.693173
"נאות הכיכר",30.933367,35.378127
"נאות מרדכי",33.159784,35.595604
"נאות סמדר",30.049078,35.028107
"נאעורה",32.614679,35.391134
"נבטים",31.219759,34.88249
"נגבה",32.121695,35.033576
"נגוהות",31.493076,34.983349
"נהורה",31.62132,34.704498
"נהלל",32.690806,35.196091
"נהריה",33.011351,35.094671
"נוב",32.832851,35.783576
"נוגה",31.62569,34.695282
"נוה דקלים",31.851781,35.035055
"נווה אבות",31.797312,34.817831
"נווה אור",32.589024,35.554546
"נווה אטי\"ב",33.262019,35.740576
"נווה אילן",31.807584,35.080924
"נווה איתן",32.492303,35.53312
"נווה אפעל",32.095909,34.84756
"נווה אפרים",32.469669,34.98757
"נווה דניאל",31.676318,35.143294
"נווה דקלים",31.851781,35.035055
"נווה זוהר",31.152067,35.364772
"נווה זיו",33.027398,35.184332
"נווה חריף",30.039792,35.036492
"נווה ים",32.679768,34.931881
"נווה ימין",32.171691,34.939379
"נווה ירק",32.132728,34.92549
"נווה מבטח",31.806766,34.741232
"נווה מיכאל",31.673048,35.006712
"נווה שלום",31.817426,34.978337
"נועם",31.568566,34.788163
"נוף איילון",31.871214,34.991322
"נופים",32.155457,35.099842
"נופית",32.763373,35.148317
"נופך",31.836804,35.16975
"נוקדים",31.64533,35.244065
"נורדיה",32.314655,34.896794
"נורית",31.850638,35.277911
"נח\"ל יתיר",31.350959,35.016969
"נח\"ל עוז",32.056529,34.842159
"נחושה",31.628847,34.952734
"נחל עוז",31.472679,34.497676
"נחלה",32.220169,35.159017
"נחליאל",31.973541,35.140432
"נחלים",32.058596,34.913601
"נחלת יהודה",31.9827,34.806894
"נחם",31.767105,35.003912
"נחף",32.934674,35.316521
"נחשולים",32.613089,34.922251
"נחשון",31.831615,34.955988
"נחשונים",32.063235,34.947013
"נטועה",33.065386,35.323407
"נטור",32.854067,35.752576
"נטעים",31.945687,34.775147
"נטף",31.831275,35.069581
"ניין",32.630985,35.349401
"ניל\"י",31.963414,35.047272
"ניסנית",31.848843,35.038396
"ניצן",31.737517,34.630806
"ניצנה",30.886467,34.421519
"ניצני סיני",30.903427,34.39668
"ניצני עוז",32.306082,35.00328
"ניצנים",31.717843,34.634638
"ניר אליהו",32.197592,34.949377
"ניר בנים",31.671176,34.755014
"ניר גלים",31.825519,34.682542
"ניר דוד (תל עמל)",32.504061,35.457623
"ניר דוד )תל עמל(",32.504061,35.457623
"ניר דוד",32.504061,35.457623
"ניר ח\"ן",31.608905,34.714284
"ניר יפה",32.568981,35.244897
"ניר יצחק",31.236039,34.356703
"ניר ישראל",31.692155,34.638073
"ניר משה",31.477455,34.630087
"ניר עוז",31.309695,34.402076
"ניר עם",31.518458,34.580545
"ניר עציון",32.699124,34.992527
"ניר עקיבא",31.469932,34.646167
"ניר צבי",31.954402,34.86153
"נירים",31.335729,34.394088
"נירית",32.146205,34.984824
"נירן",31.968177,35.453893
"נס הרים",31.744191,35.059408
"נס עמים",32.965464,35.12159
"נס ציונה",31.93211,34.801328
"נעורים",32.377145,34.863027
"נעלה",31.962593,35.065977
"נעמי",31.762856,35.227095
"נען",31.883207,34.859238
"נצאצרה",31.259451,34.979229
"נצר חזני",31.661557,35.142352
"נצר סרני",31.923483,34.823441
"נצרים",31.849738,35.036993
"נצרת עילית",32.711538,35.324813
"נצרת עלית",32.699634,35.303548
"נצרת",32.699634,35.303548
"נשר",32.764899,35.049192
"נתיב הגדוד",31.989411,35.443283
"נתיב הל\"ה",31.687183,34.982524
"נתיב העשרה",31.572406,34.539323
"נתיב השיירה",32.991184,35.130746
"נתיבות",31.423195,34.595255
"נתניה",32.321457,34.853197
"סאלם",44.9428975,-123.0350963
"סאסא",33.028659,35.394571
"סביון",32.045588,34.87658
"סגולה",31.669545,34.778428
"סדום",31.674766,34.584022
"סואעד (חמרייה)",32.766903,35.168326
"סואעד (כמאנה)",32.90931,35.33693
"סואעד )חמרייה(",32.766903,35.168326
"סואעד )כמאנה(",32.90931,35.33693
"סואעד-כמאנה",32.90931,35.33693
"סוואעד חמיירה",32.766925,35.1681583
"סולם",32.6058194,35.3338778
"סוסיה",31.39105,35.11098
"סופה",31.793559,35.330785
"סייד",31.281228,34.932309
"סלמה",32.893247,35.370501
"סלעית",32.174913,35.007232
"סמר",29.833967,35.022205
"סנסנה",31.361764,34.901004
"סעד",31.470184,34.534358
"סער",33.028688,35.109234
"ספיר",32.123197,35.025287
"ספסופה",33.013122,35.440172
"סתריה",31.889853,34.842096
"עבדון",33.048791,35.179129
"עברון",32.991148,35.100033
"עגור",31.890784,35.030635
"עדי",32.782352,35.173413
"עדנים",32.138797,34.90915
"עוזה",31.593041,34.764526
"עוזייר",32.790613,35.326883
"עולש",32.331968,34.985323
"עומר",31.264304,34.849866
"עופר",32.621881,34.983473
"עופרה",31.955099,35.260325
"עופרים",32.017821,35.04392
"עוצם",31.637664,34.705109
"עוקבי",31.285093,34.92957
"עזוז",30.792201,34.472405
"עזר",31.736149,34.671449
"עזריאל",32.26284,34.971134
"עזריה",31.890494,34.911873
"עזריקם",31.751693,34.694819
"עטאוונה",31.301881,34.92695
"עטרת",32.001206,35.176983
"עידן",30.80629,35.299948
"עיילבון",32.837948,35.399997
"עיינות",31.9158333,34.7680556
"עילוט",32.717248,35.261484
"עין א-סהלה",32.491872,35.114225
"עין איילה",32.629962,34.944297
"עין אל-אסד",32.940753,35.401028
"עין גב",32.783392,35.640121
"עין גדי",31.45119,35.383573
"עין דור",32.655467,35.416389
"עין הבשור",31.280894,34.443448
"עין הוד",32.700291,34.982717
"עין החורש",32.38587,34.939995
"עין המפרץ",32.90258,35.093042
"עין הנצי\"ב",32.470709,35.501974
"עין העמק",32.629663,35.082248
"עין השופט",32.59681,35.100447
"עין השלושה",31.351721,34.403472
"עין ורד",32.264466,34.930707
"עין זיוון",33.096449,35.796315
"עין חוד",32.69136,34.99906
"עין חצבה",30.797207,35.245341
"עין חרוד (איחוד)",32.556805,35.392997
"עין חרוד (מאוחד)",32.556805,35.392997
"עין חרוד-איחוד",32.556805,35.392997
"עין חרוד-מאוחד",32.556805,35.392997
"עין יהב",30.658756,35.239657
"עין יעקב",33.009311,35.229026
"עין כרם-בי\"ס חקלאי",31.777866,35.153536
"עין כרם-ביס חקלאי",31.777866,35.153536
"עין כרמל",32.677911,34.953678
"עין מאהל",32.724294,35.353371
"עין נקובא",31.793909,35.119685
"עין עירון",32.484426,35.01007
"עין צורים",31.694935,34.718684
"עין קנייא",33.237362,35.731315
"עין ראפה",31.790604,35.116516
"עין שמר",32.461916,35.006732
"עין שריד",32.2749,34.934182
"עין תמר",30.943593,35.374072
"עינת",32.081947,34.937515
"עיר אובות",30.808966,35.244391
"עירון",32.468052,34.990039
"עכו",32.933051,35.08268
"עלומים",31.453048,34.514713
"עלי זהב",32.072226,35.064136
"עלי",32.071176,35.26686
"עלמה",33.051859,35.499637
"עלמון",31.855435,35.165027
"עמוקה",32.997668,35.524802
"עמינדב",31.751703,35.142429
"עמיעד",32.930353,35.540523
"עמיעוז",31.248462,34.413406
"עמיקם",32.564625,35.020328
"עמיר",33.178724,35.622083
"עמנואל",32.160687,35.136038
"עמקה",32.977663,35.161809
"ענב",32.283593,35.125199
"עספיא",32.720736,35.059089
"עפולה",32.610492,35.287924
"עץ אפרים",32.119402,35.046369
"עראבה",32.853704,35.337169
"עראמשה",33.0919444,35.2147222
"ערד",31.261446,35.214863
"ערוגות",31.862291,35.17699
"ערוער",31.148642,34.984902
"ערערה בנגב",31.160926,35.019758
"ערערה",32.496322,35.097294
"ערערה-בנגב",31.160926,35.019758
"ערערה-ערה",32.503814,35.079306
"עשרת",31.824912,34.747461
"עתלית",32.690874,34.942915
"עתניאל",31.438811,35.028165
"פארן",30.362644,35.15515
"פאת שדה",31.849125,35.032892
"פדואל",32.062478,35.052621
"פדויים",31.326274,34.612071
"פדיה",31.857767,34.883775
"פוריה - כפר עבודה",32.719845,35.545565
"פוריה - נווה עובד",32.743762,35.538112
"פוריה עילית",32.732735,35.546164
"פוריה-כפר עבודה",32.719845,35.545565
"פוריה-נווה עובד",32.743762,35.538112
"פוריידיס",32.59735,34.951901
"פורת",32.27708,34.948817
"פטיש",31.308665,34.638278
"פלך",32.933669,35.233612
"פלמחים",31.932704,34.706875
"פני חבר",31.487073,35.165101
"פסגות",31.899983,35.223925
"פסוטה",33.047819,35.308829
"פעמי תש\"ז",31.437966,34.692877
"פצאל",32.043491,35.443754
"פקיעין (בוקייעה)",32.976208,35.335795
"פקיעין חדשה",32.982194,35.323409
"פקיעין",32.976208,35.335795
"פקיעין-בוקייעה",32.976208,35.335795
"פרדס חנה-כרכור",32.476328,34.976069
"פרדסיה",32.30501,34.911733
"פרוד",32.933065,35.434319
"פרזון",32.545455,35.311116
"פרי גן",31.222013,34.355937
"פתח תקוה",32.08404,34.887764
"פתח תקווה",32.08404,34.887764
"פתחיה",31.866956,34.886872
"צאלים",31.732211,35.18951
"צביה",32.889005,35.3306
"צבעון",33.027183,35.417507
"צובה",31.784351,35.117953
"צוחר",31.237169,34.426445
"צופים",32.30391,34.96163
"צופין",32.197317,35.008914
"צופית",32.194879,34.920086
"צופר",30.559393,35.181475
"צוקי ים",32.360121,34.858543
"צוקים",30.49155,35.165444
"צור הדסה",31.719373,35.09696
"צור יגאל",32.215016,34.9863
"צור משה",32.29891,34.913118
"צור נתן",32.239672,35.014022
"צוריאל",33.006487,35.314792
"צורית",32.90235,35.249108
"צורן",32.287339,34.9459
"צורן-קדימה",32.287339,34.9459
"ציפורי",32.746747,35.276352
"צלפון",31.805598,34.931798
"צנדלה",32.522448,35.324422
"צפריה",32.004314,34.854665
"צפרירים",31.659617,34.944327
"צפת",32.964647,35.495999
"צרופה",32.647821,34.946457
"צרעה",31.762652,34.966932
"קבועה",31.225086,35.214756
"קבוצת יבנה",31.813986,34.719104
"קדומים",32.212389,35.157389
"קדימה",31.814145,35.198618
"קדמה",31.701908,34.775983
"קדמת צבי",33.029484,35.697746
"קדר",31.754383,35.310734
"קדרון",31.814141,34.79555
"קדרים",32.898885,35.471566
"קוואעין",31.323301,35.026032
"קוממיות",31.662582,34.729302
"קורנית",32.844411,35.251885
"קטורה",29.970886,35.061356
"קטיף",32.282977,35.125489
"קיסריה",32.519015,34.904546
"קלחים",31.449794,34.679094
"קליה",46.231018,15.2602936
"קלנסווה",32.28579,34.981489
"קלע",33.1316,35.690392
"קציר-חריש",32.485177,35.108731
"קצרין",32.990997,35.689867
"קרית אונו",32.054862,34.858859
"קרית ארבע",31.529325,35.115626
"קרית אתא",32.809143,35.119774
"קרית ביאליק",32.832153,35.088408
"קרית גת",31.611147,34.768461
"קרית טבעון",32.71622,35.127485
"קרית ים",32.849275,35.06893
"קרית יערים(מוסד)",31.8122806,35.1035806
"קרית יערים)מוסד(",31.8122806,35.1035806
"קרית יערים",31.802773,35.099947
"קרית יערים-מוסד",31.8122806,35.1035806
"קרית מוצקין",32.838201,35.079525
"קרית מלאכי",31.730201,34.746997
"קרית נטפים",32.117298,35.112117
"קרית ענבים",31.809911,35.120843
"קרית עקרון",31.857543,34.822259
"קרית שלמה",31.821514,35.245272
"קרית שמונה",33.207932,35.570247
"קרני שומרון",32.171552,35.097464
"קשת",31.753699,35.311458
"ראמה",32.937111,35.366985
"ראס אל-עין",32.915733,35.372705
"ראס עלי",32.77291,35.155514
"ראש הנקרה",33.093782,35.103563
"ראש העין",32.095837,34.952179
"ראש פינה",32.970421,35.542661
"ראש צורים",31.66779,35.12529
"ראשון לציון",31.961544,34.80705
"רבבה",32.118709,35.129585
"רבדים",31.773965,34.814808
"רביבים",31.045194,34.721088
"רביד",32.172161,35.008683
"רגבה",32.977492,35.09913
"רגבים",32.523439,35.033989
"רהט",31.394547,34.753935
"רווחה",31.648693,34.733683
"רוויה",32.448637,35.473119
"רוחמה",31.497377,34.705167
"רומאנה",32.788117,35.311213
"רומת היב",32.77759,35.305684
"רומת הייב",32.77759,35.305684
"רועי",32.247509,35.489481
"רותם",31.848773,35.154644
"רחוב",32.451098,35.4896
"רחובות",31.892772,34.811274
"ריחאניה",33.049921,35.487064
"ריחן",32.162832,35.071072
"ריינה",32.719923,35.317656
"רימונים",31.935381,35.340496
"רינתיה",32.044364,34.928479
"רכסים",32.749264,35.099582
"רם-און",32.528741,35.258659
"רמות השבים",32.165089,34.881545
"רמות מאיר",31.874443,34.85521
"רמות מנשה",32.597041,35.057179
"רמות נפתלי",33.102353,35.553314
"רמות",31.821163,35.200708
"רמלה",31.931565,34.87294
"רמת אפעל",32.044431,34.831456
"רמת גן",32.068423,34.824787
"רמת דוד",32.6666667,35.1833333
"רמת הכובש",32.218311,34.938291
"רמת השופט",32.609355,35.094081
"רמת השרון",32.137792,34.84028
"רמת יוחנן",32.793456,35.12221
"רמת ישי",32.704028,35.166004
"רמת מגשימים",32.844065,35.806581
"רמת פנקס",32.034812,34.841482
"רמת צבי",32.591961,35.414499
"רמת רזיאל",31.773572,35.074448
"רמת רחל",31.740175,35.21955
"רנן",31.338709,34.600359
"רעים",31.386158,34.458825
"רעננה",32.18478,34.871328
"רפיח ים",31.8515,35.034477
"רקפת",31.564028,35.030585
"רשפון",32.201855,34.824725
"רשפים",32.481234,35.478792
"רתמים",31.054009,34.690903
"שא-נור",32.284089,35.125267
"שאר ישוב",33.229189,35.649255
"שבי ציון",32.982078,35.083006
"שבי שומרון",32.263719,35.183446
"שבלי - אום אל-גנם",32.6833333,35.4
"שבלי",32.6833333,35.4
"שבלי-אום אל גאנם",32.6833333,35.4
"שבלי-אום אל-גנם",32.6833333,35.4
"שגב שלום",31.19836,34.839667
"שגב",32.865801,35.252336
"שגב-שלום",31.19836,34.839667
"שגור",32.927506,35.265493
"שדה אילן",32.750509,35.422431
"שדה אליהו",32.441881,35.513805
"שדה אליעזר",33.04647,35.565251
"שדה בוקר",30.873609,34.793099
"שדה דוד",31.577475,34.683444
"שדה ורבורג",32.20869,34.903252
"שדה יואב",31.645722,34.676851
"שדה יעקב",32.697559,35.141317
"שדה יצחק",32.404958,34.992169
"שדה משה",31.610981,34.800428
"שדה נחום",32.525067,35.480857
"שדה נחמיה",33.188233,35.623072
"שדה ניצן",31.230034,34.418364
"שדה עוזיהו",31.758436,34.678195
"שדה צבי",31.448746,34.713235
"שדות ים",32.492612,34.893152
"שדות מיכה",31.721352,34.920684
"שדי אברהם",31.211593,34.335694
"שדי חמד",32.159405,34.944513
"שדי תרומות",32.440897,35.484206
"שדמה",31.833777,34.740091
"שדמות דבורה",32.696244,35.436411
"שדמות מחולה",32.34773,35.530589
"שדרות",31.522693,34.595582
"שואבה",31.799367,35.079005
"שובה",31.449949,34.545498
"שובל",31.413733,34.745816
"שוהם",32.005388,34.946585
"שומרה",33.082469,35.281964
"שומריה",31.432153,34.884096
"שוקדה",31.422096,34.524384
"שורש",31.797487,35.065299
"שורשים",32.89265,35.258562
"שושנת העמקים (רסקו)",32.67721,35.252164
"שושנת העמקים רסקו",32.67721,35.252164
"שושנת העמקים",32.354793,34.856816
"שושנת העמקים-רסקו",32.67721,35.252164
"שזור",32.933935,35.354524
"שחר",31.618234,34.723747
"שחרות",29.904092,34.999174
"שיבולים",31.396397,34.608146
"שיזפון",30.049078,35.028107
"שיח דנון",32.991763,35.147366
"שיטים",32.035706,35.050774
"שייח דנון",32.991763,35.147366
"שילה",38.2536555,15.7153122
"שילת",31.921172,35.014574
"שכניה",32.849185,35.246702
"שלווה",31.563696,34.766833
"שלוחות",32.472607,35.480489
"שלומי",33.072608,35.145946
"שליו",31.738905,34.641155
"שמיר",33.166753,35.659951
"שמעה",31.387341,35.012701
"שמרת",32.951479,35.094956
"שמשית",32.732526,35.24652
"שני",32.264139,34.866389
"שניר",32.235924,35.33027
"שעב",32.889669,35.238766
"שעורים",32.696827,35.417604
"שעל",33.116529,35.718817
"שעלבים",31.870234,34.984306
"שער אפרים",32.290661,34.999449
"שער הגולן",32.686918,35.604657
"שער העמקים",32.72262,35.110603
"שער מנשה",32.4497222,35.0147222
"שערי אברהם",31.817658,35.19075
"שערי תקוה",32.120677,35.026999
"שערי תקווה",32.120677,35.026999
"שפיים",32.216585,34.82241
"שפיר",49.3204789,8.436217
"שפר",32.944552,35.43785
"שפרעם",32.805764,35.169973
"שקד",32.198497,35.007088
"שקף",31.514889,34.937319
"שרונה",32.726481,35.467727
"שריגים (לי-און)",31.678566,34.935091
"שריגים",31.678566,34.935091
"שריד",32.663058,35.224757
"שרשרת",31.404818,34.604398
"שתולה",33.085918,35.315629
"שתולים",31.773686,34.684411
"תאשור",31.371708,34.643549
"תדהר",31.964281,35.048483
"תובל",32.928494,35.245677
"תומר",32.018586,35.439802
"תושיה",31.432893,34.541316
"תימורים",31.716335,34.761357
"תירוש",31.735552,35.180188
"תל אביב - יפו",32.066157,34.777821
"תל אביב-יפו",32.066157,34.777821
"תל יוסף",32.556703,35.398915
"תל יצחק",32.252744,34.87238
"תל מונד",32.256607,34.918462
"תל נוף",31.8394722,34.8218444
"תל עדשים",32.657357,35.30248
"תל קציר",32.706395,35.617862
"תל שבע",31.247568,34.861194
"תל תאומים",32.442536,35.496411
"תלם",31.563049,35.031241
"תלמי אליהו",31.229609,34.429116
"תלמי אלעזר",32.447227,34.974992
"תלמי ביל\"ו",31.438054,34.644824
"תלמי בילו",31.438054,34.644824
"תלמי יוסף",31.199957,34.363752
"תלמי יחיאל",31.75362,34.76431
"תלמי יפה",31.616856,34.612483
"תלמים",31.563415,34.671999
"תמרת",32.7038,35.22549
"תנובות",32.305862,34.962587
"תעוז",31.801287,34.971973
"תפרח",31.32447,34.679237
"תקומה",31.448534,34.578086
"תקוע",31.652784,35.227518
"תרום",31.783305,34.98024
